name,chinese_name
Strait Times,海峡时报
The Online Citizen,网络公民
Today,今日报
New Paper,新报
Mothership,母舰
The Independent,独立报
The Business Times,商业时报
Lianhe Zaobao,联合早报
BeritaHarian,每日新闻
Thanh Nien Daily,青年日报
Saigon Giai Phong,西贡解放报
Nhan Dan,人民报
Voice of Vietnam,越南之声
Tuoi Tre News,青年报新闻
Vietnam Investment Review,越南投资评论
Vietnam Plus,越南加
Viet Nam News,越南新闻
The Saigon Times,西贡时报
Dan Tri,人民智报
Ha Noi Moi,新河内报
Vietnam Economy,越南经济
Dau Tu,投资报
Quan Doi Nhan Dan,人民军队报
Nhan Dan-vi,人民报-越南版
Bac Lieu,薄寮报
Nguoi Lao Dong,劳动者报
Phu Yen,富安报
Voice of Vietnam-vietnam,越南之声-越南版
Kinhte Doihi,经济对话报
Binh Duong,平阳日报
Vietnam Net,越南网络报
Binh Phuoc,平福报
Lao Dong,劳动报
Thông Tấn Xã Việt Nam,越南通讯社
Saigon Giai Phong-vi,西贡解放报-越南版
An Giang,安江日报
VnExpress,越南快讯
VnExpress1,越南快讯1
Tien Phong,先锋报
Cong an,公安报
Kinhte Saigon Online,西贡经济在线
Bac Ninh,北宁报
VTV,越南电视台
Ba Ria Vung Tau,巴地头顿日报
Thanh Nien,青年报
Công an Nhân dân,人民公安报
Bac Kan,北干日报
The Bali Times,巴厘时报
Jakarta Globe,雅加达环球报
The Jakarta Post,雅加达邮报
Media Indonesia,印度尼西亚媒体
Antaranews,安塔拉新闻
Republika,共和国报
Indopos,印度尼西亚邮报
Bisnis Indonesia,印尼商业报
Koran Sindo,印度尼西亚晨星报
Kontan,印尼财经报
Suara Karya,事业之声报
Suara Pembaruan,革新之声报
Rakyat Merdeka,自由人民报
Koran Jakarta,雅加达日报
Investor Daily,投资者日报
Kompas.com,罗盘网
Jawa Pos,爪哇邮报
Kompas,罗盘报
印度尼西亚商报,印尼华文商报
The Nation,民族报
Bangkok Post,曼谷邮报
The Thaiger,泰国虎报
Chiang Rai Times,清莱时报
Thai Examiner,泰国审查者
Prachatai English,自由言论报
Thai Enquirer,泰国询问者
Khao Sod,新鲜新闻
Post Day,邮政日报
Matichon,民意报
MCOT,泰国大众传播组织
Prachatai,自由言论报
Siam Rath,暹罗评论报
Kom Chad Luek,新闻独家
Thai Rath,泰叻报
Naew Na,前进报
Thai Post,泰国邮报
Positioning,定位报
Daily News,每日新闻
星暹日报,华文星暹日报
世界日报,泰国世界日报
Khmer Times,高棉时报
AKP,柬埔寨通讯社
The Phnom Penh Post,金边邮报
The Cambodia Daily English,柬埔寨日报英文版
Kampuchea Thmey,柬埔寨新时代报
Rasmei Kampuchea Daily,柬埔寨光辉日报
Cam News,柬埔寨新闻
The Cambodia Daily,柬埔寨日报
Moneaksekar Khmer,柬埔寨意见报
Kohsantepheap Daily,柬埔寨和平日报
金边晚报,柬华金边晚报
柬中时报,柬中时报
柬华日报,柬华日报
The Myanmar Times (English),缅甸时报英文版
Shan News (English),掸邦新闻英文版
Kachin News (English),克钦新闻英文版
Myanmar Business Today,缅甸商业日报
Global New Light Of Myanmar,缅甸环球新光报
Irrawaddy,伊洛瓦底江报
Frontier Myanmar,缅甸前线
Shan News (Burmese),掸邦新闻缅甸版
Kachin News (Burmese),克钦新闻缅甸版
The Union Daily,联邦日报
Popular Myanmay,缅甸大众报
7 Day News,七天新闻
Daily Eleven,每日十一报
Democratic Voice of Burma,缅甸民主之声
Myawady Daily,妙瓦底日报
Thit Htoo Lwin,缅甸木棉树报
The Myanmar Times (Burmese),缅甸时报缅甸版
The Voice Daily,缅甸之声日报
New Straits Times,新海峡时报
The Malaysian Reserve,马来西亚储备报
New Sarawak Tribune,砂拉越新论坛报
The Edge,马来西亚边缘报
Daily Express,每日快讯
Malay Mail,马来邮报
Malaysia Today,今日马来西亚
The Sun,太阳报
Malaysiakini,当今大马
The Borneo Post,婆罗洲邮报
The Star,星报
Malaysian Tribune,马来西亚论坛报
Harian Metro,大都会日报
Astro Awani,马来西亚阿斯特罗新闻
Kosmo!,宇宙报
Berita Harian,马来西亚日报
Harakah,哈拉卡日报
Sinar Harian,阳光日报
Utusan Malaysia,马来邮报
Malaysia Chronicle,马来西亚纪事报
南洋商报,南洋商报
光明日报,光明日报
诗华日报,诗华日报
中国报,中国报
星洲日报,星洲日报
东方日报,东方日报
华侨日报,华侨日报
ABS CBN,菲律宾ABS-CBN广播公司
Davao Today,达沃今日报
Inquirer,问询者报
Sun Star,太阳星报
Business Mirror,商业镜报
Business World,商业世界报
PNA,菲律宾通讯社
Manila Bulletin,马尼拉公报
The Philippine Star,菲律宾星报
The Manila Times,马尼拉时报
Tribune,菲律宾论坛报
Philippines News,菲律宾新闻
Interaksyon,互动新闻
Abante Tonite,菲律宾今晚报
The Laotian Times,老挝时报
Pathet Lao-English,老挝爱国者报-英文版
Pathet Lao-Lao,老挝爱国者报-老挝文版
Pasaxon,人民报
Brunei Direct,文莱直通报
Borneo Bulletin,婆罗洲公报
Media Permata,宝石报